<?xml version="1.0" encoding="UTF-8"?>
<!--
  ~ Licensed to the Apache Software Foundation (ASF) under one or more
  ~ contributor license agreements.  See the NOTICE file distributed with
  ~ this work for additional information regarding copyright ownership.
  ~ The ASF licenses this file to you under the Apache License, Version 2.0
  ~ (the "License"); you may not use this file except in compliance with
  ~ the License.  You may obtain a copy of the License at
  ~
  ~ http://www.apache.org/licenses/LICENSE-2.0
  ~
  ~ Unless required by applicable law or agreed to in writing, software
  ~ distributed under the License is distributed on an "AS IS" BASIS,
  ~ WITHOUT WARRANTIES OR CONDITIONS OF ANY KIND, either express or implied.
  ~ See the License for the specific language governing permissions and
  ~ limitations under the License.
  -->

<Employees>
    <Employee id="1">
        <age:ag xmlns:age="http://www.w3.org/2003/01/geo/wgs84_pos#">29</age:ag>
        <name>Pankaj</name>
        <gender>Male</gender>
        <role>Java Developer</role>
    </Employee>
    <Employee id="2">
        <age:ag xmlns:age="http://www.w3.org/2003/01/geo/wgs84_pos#">35</age:ag>
        <name>Lisa</name>
        <gender>Female</gender>
        <role>CEO</role>
    </Employee>
    <Employee id="3">
        <age:ag xmlns:age="http://www.w3.org/2003/01/geo/wgs84_pos#">45</age:ag>
        <name>Tom</name>
        <gender>Male</gender>
        <role>Manager</role>
    </Employee>
    <Employee id="4">
        <age:ag xmlns:age="http://www.w3.org/2003/01/geo/wgs84_pos#">55</age:ag>
        <name>Meghan</name>
        <gender>Female</gender>
        <role>Manager</role>
    </Employee>
</Employees>
